{
  "images" : [
    {
      "filename" : "icons8-x-박스-메뉴-80_waifu2x_art_noise1_scale 3.png",
      "idiom" : "universal",
      "scale" : "1x"
    },
    {
      "filename" : "icons8-x-박스-메뉴-80_waifu2x_art_noise1_scale 4.png",
      "idiom" : "universal",
      "scale" : "2x"
    },
    {
      "filename" : "icons8-x-박스-메뉴-80_waifu2x_art_noise1_scale.png",
      "idiom" : "universal",
      "scale" : "3x"
    }
  ],
  "info" : {
    "author" : "xcode",
    "version" : 1
  }
}
